,num_epochs,dropout,batch_size,learning_rate,steps,warmup,betas,weight_decay,loss_type,fl_beta,fl_gamma,run_id,epoch,train_accuracy,valid_accuracy,train_precision,valid_precision,train_recall,valid_recall,train_f1,valid_f1,train_auroc,valid_auroc
0,1000,0.4,64,1e-05,"[11, 12]",0,"(0.9, 0.999)",0.05,CE,0.9999,2,0,0,0.6359525322914124,0.6488298177719116,,,,,,,,
0,1000,0.4,64,1e-05,"[11, 12]",0,"(0.9, 0.999)",0.05,CE,0.9999,2,0,0,,,0.6377193787985495,0.6861309918595837,,,,,,
0,1000,0.4,64,1e-05,"[11, 12]",0,"(0.9, 0.999)",0.05,CE,0.9999,2,0,0,,,,,0.6359375,0.6488999077490775,,,,
0,1000,0.4,64,1e-05,"[11, 12]",0,"(0.9, 0.999)",0.05,CE,0.9999,2,0,0,,,,,,,0.6001180330239384,0.6502155257383375,,
0,1000,0.4,64,1e-05,"[11, 12]",0,"(0.9, 0.999)",0.05,CE,0.9999,2,0,0,,,,,,,,,0.6359375,0.6488999077490775
1,1000,0.4,64,1e-05,"[11, 12]",0,"(0.9, 0.999)",0.05,CE,0.9999,2,0,1,0.6836706399917603,0.5590869784355164,,,,,,,,
1,1000,0.4,64,1e-05,"[11, 12]",0,"(0.9, 0.999)",0.05,CE,0.9999,2,0,1,,,0.6910138348754846,0.6846334523060049,,,,,,
1,1000,0.4,64,1e-05,"[11, 12]",0,"(0.9, 0.999)",0.05,CE,0.9999,2,0,1,,,,,0.6837193853974122,0.5592689114391143,,,,
1,1000,0.4,64,1e-05,"[11, 12]",0,"(0.9, 0.999)",0.05,CE,0.9999,2,0,1,,,,,,,0.6760699273587816,0.5276132074352192,,
1,1000,0.4,64,1e-05,"[11, 12]",0,"(0.9, 0.999)",0.05,CE,0.9999,2,0,1,,,,,,,,,0.6837193853974122,0.5592689114391143
2,1000,0.4,64,1e-05,"[11, 12]",0,"(0.9, 0.999)",0.05,CE,0.9999,2,0,2,0.6815903186798096,0.5836463570594788,,,,,,,,
2,1000,0.4,64,1e-05,"[11, 12]",0,"(0.9, 0.999)",0.05,CE,0.9999,2,0,2,,,0.6860526869374454,0.34477069735931737,,,,,,
2,1000,0.4,64,1e-05,"[11, 12]",0,"(0.9, 0.999)",0.05,CE,0.9999,2,0,2,,,,,0.681544180749934,0.5838630073800738,,,,
2,1000,0.4,64,1e-05,"[11, 12]",0,"(0.9, 0.999)",0.05,CE,0.9999,2,0,2,,,,,,,0.6749219337212269,0.4324151724359775,,
2,1000,0.4,64,1e-05,"[11, 12]",0,"(0.9, 0.999)",0.05,CE,0.9999,2,0,2,,,,,,,,,0.681544180749934,0.5838630073800738
3,1000,0.4,64,1e-05,"[11, 12]",0,"(0.9, 0.999)",0.05,CE,0.9999,2,0,3,0.6767939329147339,0.6332274079322815,,,,,,,,
3,1000,0.4,64,1e-05,"[11, 12]",0,"(0.9, 0.999)",0.05,CE,0.9999,2,0,3,,,0.6815810360621225,0.6763351476939441,,,,,,
3,1000,0.4,64,1e-05,"[11, 12]",0,"(0.9, 0.999)",0.05,CE,0.9999,2,0,3,,,,,0.6767976795616584,0.6327928966789668,,,,
3,1000,0.4,64,1e-05,"[11, 12]",0,"(0.9, 0.999)",0.05,CE,0.9999,2,0,3,,,,,,,0.6693733647220392,0.6325433624699939,,
3,1000,0.4,64,1e-05,"[11, 12]",0,"(0.9, 0.999)",0.05,CE,0.9999,2,0,3,,,,,,,,,0.6767976795616584,0.6327928966789668
4,1000,0.4,64,1e-05,"[11, 12]",0,"(0.9, 0.999)",0.05,CE,0.9999,2,0,4,0.6735144853591919,0.5616874098777771,,,,,,,,
4,1000,0.4,64,1e-05,"[11, 12]",0,"(0.9, 0.999)",0.05,CE,0.9999,2,0,4,,,0.6782626995514377,0.6783916164598992,,,,,,
4,1000,0.4,64,1e-05,"[11, 12]",0,"(0.9, 0.999)",0.05,CE,0.9999,2,0,4,,,,,0.6735196065487193,0.5616835793357934,,,,
4,1000,0.4,64,1e-05,"[11, 12]",0,"(0.9, 0.999)",0.05,CE,0.9999,2,0,4,,,,,,,0.6641958985883949,0.5326662612803097,,
4,1000,0.4,64,1e-05,"[11, 12]",0,"(0.9, 0.999)",0.05,CE,0.9999,2,0,4,,,,,,,,,0.6735196065487193,0.5616835793357934
5,1000,0.4,64,1e-05,"[11, 12]",0,"(0.9, 0.999)",0.05,CE,0.9999,2,0,5,0.6722431778907776,0.4164692461490631,,,,,,,,
5,1000,0.4,64,1e-05,"[11, 12]",0,"(0.9, 0.999)",0.05,CE,0.9999,2,0,5,,,0.6764570584240559,0.1812156098078838,,,,,,
5,1000,0.4,64,1e-05,"[11, 12]",0,"(0.9, 0.999)",0.05,CE,0.9999,2,0,5,,,,,0.672236846448376,0.4166120848708487,,,,
5,1000,0.4,64,1e-05,"[11, 12]",0,"(0.9, 0.999)",0.05,CE,0.9999,2,0,5,,,,,,,0.6628771040363923,0.24801260031382286,,
5,1000,0.4,64,1e-05,"[11, 12]",0,"(0.9, 0.999)",0.05,CE,0.9999,2,0,5,,,,,,,,,0.672236846448376,0.4166120848708487
6,1000,0.4,64,1e-05,"[11, 12]",0,"(0.9, 0.999)",0.05,CE,0.9999,2,0,6,0.6704661846160889,0.6740826368331909,,,,,,,,
6,1000,0.4,64,1e-05,"[11, 12]",0,"(0.9, 0.999)",0.05,CE,0.9999,2,0,6,,,0.6747794335471694,0.6773723529613758,,,,,,
6,1000,0.4,64,1e-05,"[11, 12]",0,"(0.9, 0.999)",0.05,CE,0.9999,2,0,6,,,,,0.6705324135199366,0.674005996309963,,,,
6,1000,0.4,64,1e-05,"[11, 12]",0,"(0.9, 0.999)",0.05,CE,0.9999,2,0,6,,,,,,,0.6603035619823407,0.6651815893494114,,
6,1000,0.4,64,1e-05,"[11, 12]",0,"(0.9, 0.999)",0.05,CE,0.9999,2,0,6,,,,,,,,,0.6705324135199366,0.674005996309963
7,1000,0.4,64,1e-05,"[11, 12]",0,"(0.9, 0.999)",0.05,CE,0.9999,2,0,7,0.6701917052268982,0.4165848195552826,,,,,,,,
7,1000,0.4,64,1e-05,"[11, 12]",0,"(0.9, 0.999)",0.05,CE,0.9999,2,0,7,,,0.6742053537165066,0.18584996314081445,,,,,,
7,1000,0.4,64,1e-05,"[11, 12]",0,"(0.9, 0.999)",0.05,CE,0.9999,2,0,7,,,,,0.6701982109849485,0.4167273985239852,,,,
7,1000,0.4,64,1e-05,"[11, 12]",0,"(0.9, 0.999)",0.05,CE,0.9999,2,0,7,,,,,,,0.6592318177768235,0.24787971017476743,,
7,1000,0.4,64,1e-05,"[11, 12]",0,"(0.9, 0.999)",0.05,CE,0.9999,2,0,7,,,,,,,,,0.6701982109849485,0.4167273985239852
8,1000,0.4,64,1e-05,"[11, 12]",0,"(0.9, 0.999)",0.05,CE,0.9999,2,0,8,0.6662765741348267,0.41641145944595337,,,,,,,,
8,1000,0.4,64,1e-05,"[11, 12]",0,"(0.9, 0.999)",0.05,CE,0.9999,2,0,8,,,0.6695868133811066,0.17916072499341062,,,,,,
8,1000,0.4,64,1e-05,"[11, 12]",0,"(0.9, 0.999)",0.05,CE,0.9999,2,0,8,,,,,0.6662488447319779,0.41646448339483394,,,,
8,1000,0.4,64,1e-05,"[11, 12]",0,"(0.9, 0.999)",0.05,CE,0.9999,2,0,8,,,,,,,0.6530773964170319,0.24762476408387527,,
8,1000,0.4,64,1e-05,"[11, 12]",0,"(0.9, 0.999)",0.05,CE,0.9999,2,0,8,,,,,,,,,0.6662488447319779,0.41646448339483394
9,1000,0.4,64,1e-05,"[11, 12]",0,"(0.9, 0.999)",0.05,CE,0.9999,2,0,9,0.6655398011207581,0.6427622437477112,,,,,,,,
9,1000,0.4,64,1e-05,"[11, 12]",0,"(0.9, 0.999)",0.05,CE,0.9999,2,0,9,,,0.6692342297493388,0.6738208350154714,,,,,,
9,1000,0.4,64,1e-05,"[11, 12]",0,"(0.9, 0.999)",0.05,CE,0.9999,2,0,9,,,,,0.6655123613678373,0.642755996309963,,,,
9,1000,0.4,64,1e-05,"[11, 12]",0,"(0.9, 0.999)",0.05,CE,0.9999,2,0,9,,,,,,,0.6547537112911285,0.6443765363437418,,
9,1000,0.4,64,1e-05,"[11, 12]",0,"(0.9, 0.999)",0.05,CE,0.9999,2,0,9,,,,,,,,,0.6655123613678373,0.642755996309963
10,1000,0.4,64,1e-05,"[11, 12]",0,"(0.9, 0.999)",0.05,CE,0.9999,2,0,10,0.6648752689361572,0.657093346118927,,,,,,,,
10,1000,0.4,64,1e-05,"[11, 12]",0,"(0.9, 0.999)",0.05,CE,0.9999,2,0,10,,,0.6693702641622327,0.6746065794348497,,,,,,
10,1000,0.4,64,1e-05,"[11, 12]",0,"(0.9, 0.999)",0.05,CE,0.9999,2,0,10,,,,,0.6648959433588592,0.657234778597786,,,,
10,1000,0.4,64,1e-05,"[11, 12]",0,"(0.9, 0.999)",0.05,CE,0.9999,2,0,10,,,,,,,0.6524563829745308,0.6595032786930597,,
10,1000,0.4,64,1e-05,"[11, 12]",0,"(0.9, 0.999)",0.05,CE,0.9999,2,0,10,,,,,,,,,0.6648959433588592,0.657234778597786
11,1000,0.4,64,1e-05,"[11, 12]",0,"(0.9, 0.999)",0.05,CE,0.9999,2,0,11,0.6728354692459106,0.6745449304580688,,,,,,,,
11,1000,0.4,64,1e-05,"[11, 12]",0,"(0.9, 0.999)",0.05,CE,0.9999,2,0,11,,,0.6764713238886233,0.6806926295120217,,,,,,
11,1000,0.4,64,1e-05,"[11, 12]",0,"(0.9, 0.999)",0.05,CE,0.9999,2,0,11,,,,,0.6728289213097438,0.6741974169741698,,,,
11,1000,0.4,64,1e-05,"[11, 12]",0,"(0.9, 0.999)",0.05,CE,0.9999,2,0,11,,,,,,,0.6658038605805521,0.6730873611780739,,
11,1000,0.4,64,1e-05,"[11, 12]",0,"(0.9, 0.999)",0.05,CE,0.9999,2,0,11,,,,,,,,,0.6728289213097438,0.6741974169741698
12,1000,0.4,64,1e-05,"[11, 12]",0,"(0.9, 0.999)",0.05,CE,0.9999,2,0,12,0.6740056872367859,0.6722912788391113,,,,,,,,
12,1000,0.4,64,1e-05,"[11, 12]",0,"(0.9, 0.999)",0.05,CE,0.9999,2,0,12,,,0.6772110046799189,0.6741996636070946,,,,,,
12,1000,0.4,64,1e-05,"[11, 12]",0,"(0.9, 0.999)",0.05,CE,0.9999,2,0,12,,,,,0.6739866649062582,0.6723085793357934,,,,
12,1000,0.4,64,1e-05,"[11, 12]",0,"(0.9, 0.999)",0.05,CE,0.9999,2,0,12,,,,,,,0.667357771260035,0.6596899020593576,,
12,1000,0.4,64,1e-05,"[11, 12]",0,"(0.9, 0.999)",0.05,CE,0.9999,2,0,12,,,,,,,,,0.6739866649062582,0.6723085793357934
13,1000,0.4,64,1e-05,"[11, 12]",0,"(0.9, 0.999)",0.05,CE,0.9999,2,0,13,0.6746847033500671,0.667899489402771,,,,,,,,
13,1000,0.4,64,1e-05,"[11, 12]",0,"(0.9, 0.999)",0.05,CE,0.9999,2,0,13,,,0.6772133167174006,0.6786904752977789,,,,,,
13,1000,0.4,64,1e-05,"[11, 12]",0,"(0.9, 0.999)",0.05,CE,0.9999,2,0,13,,,,,0.6746773501452337,0.6678367158671586,,,,
13,1000,0.4,64,1e-05,"[11, 12]",0,"(0.9, 0.999)",0.05,CE,0.9999,2,0,13,,,,,,,0.667746236448174,0.6691742426568974,,
13,1000,0.4,64,1e-05,"[11, 12]",0,"(0.9, 0.999)",0.05,CE,0.9999,2,0,13,,,,,,,,,0.6746773501452337,0.6678367158671586
14,1000,0.4,64,1e-05,"[11, 12]",0,"(0.9, 0.999)",0.05,CE,0.9999,2,0,14,0.6749591827392578,0.6725224256515503,,,,,,,,
14,1000,0.4,64,1e-05,"[11, 12]",0,"(0.9, 0.999)",0.05,CE,0.9999,2,0,14,,,0.6777883189446442,0.6779146199486676,,,,,,
14,1000,0.4,64,1e-05,"[11, 12]",0,"(0.9, 0.999)",0.05,CE,0.9999,2,0,14,,,,,0.6749756568523897,0.6726291512915129,,,,
14,1000,0.4,64,1e-05,"[11, 12]",0,"(0.9, 0.999)",0.05,CE,0.9999,2,0,14,,,,,,,0.668305280320065,0.6719767079033955,,
14,1000,0.4,64,1e-05,"[11, 12]",0,"(0.9, 0.999)",0.05,CE,0.9999,2,0,14,,,,,,,,,0.6749756568523897,0.6726291512915129
15,1000,0.4,64,1e-05,"[11, 12]",0,"(0.9, 0.999)",0.05,CE,0.9999,2,0,15,0.674525797367096,0.6613695621490479,,,,,,,,
15,1000,0.4,64,1e-05,"[11, 12]",0,"(0.9, 0.999)",0.05,CE,0.9999,2,0,15,,,0.6774344268834872,0.6692087222575231,,,,,,
15,1000,0.4,64,1e-05,"[11, 12]",0,"(0.9, 0.999)",0.05,CE,0.9999,2,0,15,,,,,0.6744945702402958,0.6610516605166051,,,,
15,1000,0.4,64,1e-05,"[11, 12]",0,"(0.9, 0.999)",0.05,CE,0.9999,2,0,15,,,,,,,0.6680273013388958,0.634529395971477,,
15,1000,0.4,64,1e-05,"[11, 12]",0,"(0.9, 0.999)",0.05,CE,0.9999,2,0,15,,,,,,,,,0.6744945702402958,0.6610516605166051
16,1000,0.4,64,1e-05,"[11, 12]",0,"(0.9, 0.999)",0.05,CE,0.9999,2,0,16,0.6754070520401001,0.6757006645202637,,,,,,,,
16,1000,0.4,64,1e-05,"[11, 12]",0,"(0.9, 0.999)",0.05,CE,0.9999,2,0,16,,,0.6781968162492519,0.6776393627012196,,,,,,
16,1000,0.4,64,1e-05,"[11, 12]",0,"(0.9, 0.999)",0.05,CE,0.9999,2,0,16,,,,,0.6754233232109849,0.6756203874538744,,,,
16,1000,0.4,64,1e-05,"[11, 12]",0,"(0.9, 0.999)",0.05,CE,0.9999,2,0,16,,,,,,,0.668683338214268,0.6690016495338234,,
16,1000,0.4,64,1e-05,"[11, 12]",0,"(0.9, 0.999)",0.05,CE,0.9999,2,0,16,,,,,,,,,0.6754233232109849,0.6756203874538744
17,1000,0.4,64,1e-05,"[11, 12]",0,"(0.9, 0.999)",0.05,CE,0.9999,2,0,17,0.6749736070632935,0.6724068522453308,,,,,,,,
17,1000,0.4,64,1e-05,"[11, 12]",0,"(0.9, 0.999)",0.05,CE,0.9999,2,0,17,,,0.6776486519642135,0.6755827618777737,,,,,,
17,1000,0.4,64,1e-05,"[11, 12]",0,"(0.9, 0.999)",0.05,CE,0.9999,2,0,17,,,,,0.6749542018748349,0.6725138376383764,,,,
17,1000,0.4,64,1e-05,"[11, 12]",0,"(0.9, 0.999)",0.05,CE,0.9999,2,0,17,,,,,,,0.6684153541484031,0.6600217057902745,,
17,1000,0.4,64,1e-05,"[11, 12]",0,"(0.9, 0.999)",0.05,CE,0.9999,2,0,17,,,,,,,,,0.6749542018748349,0.6725138376383764
18,1000,0.4,64,1e-05,"[11, 12]",0,"(0.9, 0.999)",0.05,CE,0.9999,2,0,18,0.6757537722587585,0.6692285537719727,,,,,,,,
18,1000,0.4,64,1e-05,"[11, 12]",0,"(0.9, 0.999)",0.05,CE,0.9999,2,0,18,,,0.6785119032831239,0.6738853222437505,,,,,,
18,1000,0.4,64,1e-05,"[11, 12]",0,"(0.9, 0.999)",0.05,CE,0.9999,2,0,18,,,,,0.6757699036176392,0.6691628228782287,,,,
18,1000,0.4,64,1e-05,"[11, 12]",0,"(0.9, 0.999)",0.05,CE,0.9999,2,0,18,,,,,,,0.6692619645172507,0.6530980109449547,,
18,1000,0.4,64,1e-05,"[11, 12]",0,"(0.9, 0.999)",0.05,CE,0.9999,2,0,18,,,,,,,,,0.6757699036176392,0.6691628228782287
19,1000,0.4,64,1e-05,"[11, 12]",0,"(0.9, 0.999)",0.05,CE,0.9999,2,0,19,0.6749591827392578,0.6756429076194763,,,,,,,,
19,1000,0.4,64,1e-05,"[11, 12]",0,"(0.9, 0.999)",0.05,CE,0.9999,2,0,19,,,0.6777076763740105,0.6778167058483033,,,,,,
19,1000,0.4,64,1e-05,"[11, 12]",0,"(0.9, 0.999)",0.05,CE,0.9999,2,0,19,,,,,0.6749876221283337,0.6755627306273062,,,,
19,1000,0.4,64,1e-05,"[11, 12]",0,"(0.9, 0.999)",0.05,CE,0.9999,2,0,19,,,,,,,0.6681445816252571,0.670187884879552,,
19,1000,0.4,64,1e-05,"[11, 12]",0,"(0.9, 0.999)",0.05,CE,0.9999,2,0,19,,,,,,,,,0.6749876221283337,0.6755627306273062
20,1000,0.4,64,1e-05,"[11, 12]",0,"(0.9, 0.999)",0.05,CE,0.9999,2,0,20,0.6751325726509094,0.674371600151062,,,,,,,,
20,1000,0.4,64,1e-05,"[11, 12]",0,"(0.9, 0.999)",0.05,CE,0.9999,2,0,20,,,0.6772985275957133,0.6767406826663133,,,,,,
20,1000,0.4,64,1e-05,"[11, 12]",0,"(0.9, 0.999)",0.05,CE,0.9999,2,0,20,,,,,0.6750651901241088,0.6744741697416974,,,,
20,1000,0.4,64,1e-05,"[11, 12]",0,"(0.9, 0.999)",0.05,CE,0.9999,2,0,20,,,,,,,0.6684663598890094,0.6646240626827082,,
20,1000,0.4,64,1e-05,"[11, 12]",0,"(0.9, 0.999)",0.05,CE,0.9999,2,0,20,,,,,,,,,0.6750651901241088,0.6744741697416974
